number_of_teams,fixtures_left,number_of_constraints,runtime
4,4,1,0.05131
4,4,1,0.062239
4,4,1,0.055547
4,4,1,0.044856
4,4,1,0.046182
4,4,1,0.068962
4,4,1,0.085395
4,4,1,0.051
4,4,1,0.064989
4,4,1,0.057192
4,4,2,0.047277
4,4,2,0.056477
4,4,2,0.056615
4,4,2,0.065344
4,4,2,0.054829
4,4,2,0.046182
4,4,2,0.051235
4,4,2,0.058372
4,4,2,0.05646
4,4,2,0.059513
4,4,3,0.058374
4,4,3,0.048078
4,4,3,0.067488
4,4,3,0.065825
4,4,3,0.046565
4,4,3,0.059923
4,4,3,0.05512
4,4,3,0.051259
4,4,3,0.051128
4,4,3,0.049891
4,4,1,0.045913
4,4,1,0.050604
4,4,1,0.048115
4,4,1,0.047475
4,4,1,0.048358
4,4,1,0.050447
4,4,1,0.049236
4,4,1,0.049194
4,4,1,0.050396
4,4,1,0.052902
4,4,2,0.058074
4,4,2,0.051089
4,4,2,0.052049
4,4,2,0.04676
4,4,2,0.048037
4,4,2,0.04628
4,4,2,0.047812
4,4,2,0.046827
4,4,2,0.048581
4,4,2,0.046761
4,4,3,0.048344
4,4,3,0.046315
4,4,3,0.048914
4,4,3,0.047251
4,4,3,0.049765
4,4,3,0.047265
4,4,3,0.048447
4,4,3,0.048172
4,4,3,0.049387
4,4,3,0.045349
4,4,1,0.045671
4,4,1,0.048613
4,4,1,0.046478
4,4,1,0.047824
4,4,1,0.046312
4,4,1,0.050664
4,4,1,0.047976
4,4,1,0.049283
4,4,1,0.048676
4,4,1,0.048218
4,4,2,0.045011
4,4,2,0.048807
4,4,2,0.046837
4,4,2,0.048569
4,4,2,0.046932
4,4,2,0.048204
4,4,2,0.046318
4,4,2,0.048176
4,4,2,0.046028
4,4,2,0.048968
4,4,3,0.046407
4,4,3,0.048044
4,4,3,0.046829
4,4,3,0.048935
4,4,3,0.045699
4,4,3,0.048583
4,4,3,0.046288
4,4,3,0.048753
4,4,3,0.047278
4,4,3,0.049242
4,4,1,0.045206
4,4,1,0.051888
4,4,1,0.047856
4,4,1,0.052266
4,4,1,0.050942
4,4,1,0.051244
4,4,1,0.048809
4,4,1,0.049347
4,4,1,0.048
4,4,1,0.049044
4,4,2,0.047791
4,4,2,0.048834
4,4,2,0.047091
4,4,2,0.048102
4,4,2,0.046294
4,4,2,0.04794
4,4,2,0.046669
4,4,2,0.050419
4,4,2,0.046108
4,4,2,0.049257
4,4,3,0.046401
4,4,3,0.047554
4,4,3,0.047497
4,4,3,0.04821
4,4,3,0.046457
4,4,3,0.049026
4,4,3,0.04703
4,4,3,0.04803
4,4,3,0.045854
4,4,3,0.047086
4,4,1,0.04711
4,4,1,0.051976
4,4,1,0.0517
4,4,1,0.04769
4,4,1,0.04835
4,4,1,0.050174
4,4,1,0.04746
4,4,1,0.049052
4,4,1,0.048034
4,4,1,0.048224
4,4,2,0.046278
4,4,2,0.04968
4,4,2,0.046421
4,4,2,0.048471
4,4,2,0.045998
4,4,2,0.047465
4,4,2,0.046858
4,4,2,0.048515
4,4,2,0.047167
4,4,2,0.048984
4,4,3,0.046968
4,4,3,0.047449
4,4,3,0.046785
4,4,3,0.048524
4,4,3,0.046678
4,4,3,0.049842
4,4,3,0.048128
4,4,3,0.047708
4,4,3,0.046011
4,4,3,0.048251
4,4,1,0.045547
4,4,1,0.051042
4,4,1,0.04769
4,4,1,0.048585
4,4,1,0.048065
4,4,1,0.049882
4,4,1,0.047722
4,4,1,0.048533
4,4,1,0.049951
4,4,1,0.049081
4,4,2,0.046147
4,4,2,0.047754
4,4,2,0.04661
4,4,2,0.047858
4,4,2,0.045812
4,4,2,0.046711
4,4,2,0.046981
4,4,2,0.047341
4,4,2,0.046373
4,4,2,0.048689
4,4,3,0.048536
4,4,3,0.047594
4,4,3,0.047377
4,4,3,0.047234
4,4,3,0.046237
4,4,3,0.048869
4,4,3,0.048958
4,4,3,0.049421
4,4,3,0.046227
4,4,3,0.04705
4,4,1,0.055701
4,4,1,0.053036
4,4,1,0.051436
4,4,1,0.049225
4,4,1,0.048272
4,4,1,0.048837
4,4,1,0.049264
4,4,1,0.048848
4,4,1,0.048384
4,4,1,0.048327
4,4,2,0.045866
4,4,2,0.049731
4,4,2,0.048368
4,4,2,0.048864
4,4,2,0.046988
4,4,2,0.046714
4,4,2,0.046904
4,4,2,0.047842
4,4,2,0.046466
4,4,2,0.048981
4,4,3,0.04652
4,4,3,0.047016
4,4,3,0.047767
4,4,3,0.04784
4,4,3,0.046162
4,4,3,0.048377
4,4,3,0.047322
4,4,3,0.046581
4,4,3,0.046323
4,4,3,0.047706
4,4,1,0.045524
4,4,1,0.050741
4,4,1,0.047238
4,4,1,0.048146
4,4,1,0.046391
4,4,1,0.049833
4,4,1,0.048615
4,4,1,0.048572
4,4,1,0.048561
4,4,1,0.048108
4,4,2,0.046923
4,4,2,0.048422
4,4,2,0.047367
4,4,2,0.048364
4,4,2,0.047003
4,4,2,0.047649
4,4,2,0.047315
4,4,2,0.048189
4,4,2,0.046365
4,4,2,0.049195
4,4,3,0.045935
4,4,3,0.047375
4,4,3,0.047692
4,4,3,0.048921
4,4,3,0.046942
4,4,3,0.047995
4,4,3,0.047035
4,4,3,0.048327
4,4,3,0.046469
4,4,3,0.048318
4,4,1,0.046171
4,4,1,0.048472
4,4,1,0.045776
4,4,1,0.047321
4,4,1,0.04577
4,4,1,0.049104
4,4,1,0.047924
4,4,1,0.049549
4,4,1,0.048421
4,4,1,0.048955
4,4,2,0.046652
4,4,2,0.048404
4,4,2,0.047365
4,4,2,0.048523
4,4,2,0.047004
4,4,2,0.047129
4,4,2,0.046671
4,4,2,0.049925
4,4,2,0.046468
4,4,2,0.047817
4,4,3,0.046114
4,4,3,0.047421
4,4,3,0.047177
4,4,3,0.048238
4,4,3,0.046514
4,4,3,0.048917
4,4,3,0.050485
4,4,3,0.04862
4,4,3,0.047691
4,4,3,0.046708
4,4,1,0.04543
4,4,1,0.051248
4,4,1,0.046331
4,4,1,0.049081
4,4,1,0.045756
4,4,1,0.048383
4,4,1,0.04735
4,4,1,0.048558
4,4,1,0.047843
4,4,1,0.049237
4,4,2,0.04634
4,4,2,0.048884
4,4,2,0.046476
4,4,2,0.048834
4,4,2,0.047105
4,4,2,0.047266
4,4,2,0.047571
4,4,2,0.048077
4,4,2,0.045965
4,4,2,0.04953
4,4,3,0.047588
4,4,3,0.04857
4,4,3,0.047086
4,4,3,0.04857
4,4,3,0.047556
4,4,3,0.050613
4,4,3,0.048632
4,4,3,0.050339
4,4,3,0.046444
4,4,3,0.046184
4,4,1,0.091672
4,4,1,0.096712
4,4,1,0.094768
4,4,1,0.09492
4,4,1,0.094141
4,4,1,0.097885
4,4,1,0.131253
4,4,1,0.096257
4,4,1,0.098152
4,4,1,0.094767
4,4,2,0.093468
4,4,2,0.09659
4,4,2,0.094998
4,4,2,0.119867
4,4,2,0.09347
4,4,2,0.093604
4,4,2,0.094433
4,4,2,0.093646
4,4,2,0.092492
4,4,2,0.095241
4,4,3,0.093665
4,4,3,0.094841
4,4,3,0.097334
4,4,3,0.094435
4,4,3,0.093505
4,4,3,0.096244
4,4,3,0.094749
4,4,3,0.093956
4,4,3,0.09374
4,4,3,0.093584
4,4,1,0.094507
4,4,1,0.095884
4,4,1,0.093724
4,4,1,0.093569
4,4,1,0.092394
4,4,1,0.095954
4,4,1,0.103399
4,4,1,0.09544
4,4,1,0.103588
4,4,1,0.097956
4,4,2,0.093272
4,4,2,0.095051
4,4,2,0.095962
4,4,2,0.094717
4,4,2,0.094296
4,4,2,0.092882
4,4,2,0.096592
4,4,2,0.095036
4,4,2,0.09612
4,4,2,0.096062
4,4,3,0.093777
4,4,3,0.093358
4,4,3,0.097105
4,4,3,0.093692
4,4,3,0.093766
4,4,3,0.0949
4,4,3,0.094945
4,4,3,0.094652
4,4,3,0.0925
4,4,3,0.093558
4,4,1,0.092173
4,4,1,0.095704
4,4,1,0.095764
4,4,1,0.092798
4,4,1,0.093592
4,4,1,0.09652
4,4,1,0.096258
4,4,1,0.095994
4,4,1,0.096949
4,4,1,0.096087
4,4,2,0.092269
4,4,2,0.095467
4,4,2,0.094988
4,4,2,0.093303
4,4,2,0.094309
4,4,2,0.09461
4,4,2,0.093876
4,4,2,0.093854
4,4,2,0.09212
4,4,2,0.094822
4,4,3,0.093984
4,4,3,0.092722
4,4,3,0.094666
4,4,3,0.094749
4,4,3,0.092529
4,4,3,0.096734
4,4,3,0.096272
4,4,3,0.09344
4,4,3,0.092545
4,4,3,0.096924
4,4,1,0.095958
4,4,1,0.096375
4,4,1,0.092908
4,4,1,0.092726
4,4,1,0.092682
4,4,1,0.107601
4,4,1,0.096961
4,4,1,0.094935
4,4,1,0.099992
4,4,1,0.095164
4,4,2,0.092998
4,4,2,0.095709
4,4,2,0.095325
4,4,2,0.096787
4,4,2,0.094394
4,4,2,0.092951
4,4,2,0.095713
4,4,2,0.095881
4,4,2,0.093074
4,4,2,0.095355
4,4,3,0.095165
4,4,3,0.093433
4,4,3,0.095736
4,4,3,0.094925
4,4,3,0.092947
4,4,3,0.095276
4,4,3,0.101171
4,4,3,0.09985
4,4,3,0.099739
4,4,3,0.099068
4,4,1,0.092242
4,4,1,0.096539
4,4,1,0.096254
4,4,1,0.116985
4,4,1,0.094202
4,4,1,0.096032
4,4,1,0.097029
4,4,1,0.097088
4,4,1,0.098557
4,4,1,0.095693
4,4,2,0.093515
4,4,2,0.097242
4,4,2,0.099425
4,4,2,0.097225
4,4,2,0.095288
4,4,2,0.093206
4,4,2,0.098087
4,4,2,0.093903
4,4,2,0.094358
4,4,2,0.095666
4,4,3,0.098042
4,4,3,0.096879
4,4,3,0.097108
4,4,3,0.094638
4,4,3,0.093234
4,4,3,0.097738
4,4,3,0.095309
4,4,3,0.09324
4,4,3,0.094929
4,4,3,0.09386
4,4,1,0.094273
4,4,1,0.097639
4,4,1,0.094129
4,4,1,0.092144
4,4,1,0.092495
4,4,1,0.095934
4,4,1,0.096317
4,4,1,0.095797
4,4,1,0.099354
4,4,1,0.098256
4,4,2,0.092459
4,4,2,0.096653
4,4,2,0.093985
4,4,2,0.093458
4,4,2,0.093279
4,4,2,0.092927
4,4,2,0.098989
4,4,2,0.094277
4,4,2,0.092141
4,4,2,0.09696
4,4,3,0.094294
4,4,3,0.094732
4,4,3,0.095822
4,4,3,0.097049
4,4,3,0.095174
4,4,3,0.095013
4,4,3,0.096036
4,4,3,0.096594
4,4,3,0.093059
4,4,3,0.093944
4,4,1,0.059231
4,4,1,0.05365
4,4,1,0.052145
4,4,1,0.04989
4,4,1,0.052221
4,4,1,0.050866
4,4,1,0.053311
4,4,1,0.051569
4,4,1,0.054086
4,4,1,0.051774
4,4,2,0.049225
4,4,2,0.054211
4,4,2,0.052021
4,4,2,0.050238
4,4,2,0.059725
4,4,2,0.051386
4,4,2,0.056067
4,4,2,0.053092
4,4,2,0.051696
4,4,2,0.05071
4,4,3,0.052511
4,4,3,0.060386
4,4,3,0.051447
4,4,3,0.052503
4,4,3,0.050733
4,4,3,0.051383
4,4,3,0.05185
4,4,3,0.049944
4,4,3,0.050342
4,4,3,0.050453
4,4,1,0.048486
4,4,1,0.051945
4,4,1,0.052196
4,4,1,0.04976
4,4,1,0.050553
4,4,1,0.052747
4,4,1,0.053542
4,4,1,0.050933
4,4,1,0.052853
4,4,1,0.050081
4,4,2,0.049694
4,4,2,0.050312
4,4,2,0.053127
4,4,2,0.051386
4,4,2,0.05213
4,4,2,0.051007
4,4,2,0.063349
4,4,2,0.052016
4,4,2,0.050489
4,4,2,0.052346
4,4,3,0.049379
4,4,3,0.049836
4,4,3,0.050245
4,4,3,0.050414
4,4,3,0.049938
4,4,3,0.0521
4,4,3,0.052737
4,4,3,0.052307
4,4,3,0.048956
4,4,3,0.051341
4,4,1,0.16948
4,4,1,0.051058
4,4,1,0.052248
4,4,1,0.05614
4,4,1,0.052725
4,4,1,0.055549
4,4,1,0.056174
4,4,1,0.053482
4,4,1,0.067565
4,4,1,0.052758
4,4,2,0.062042
4,4,2,0.053375
4,4,2,0.052108
4,4,2,0.052306
4,4,2,0.05138
4,4,2,0.062913
4,4,2,0.051883
4,4,2,0.051774
4,4,2,0.054942
4,4,2,0.061286
4,4,3,0.05387
4,4,3,0.052813
4,4,3,0.053336
4,4,3,0.05215
4,4,3,0.054037
4,4,3,0.071599
4,4,3,0.053419
4,4,3,0.052726
4,4,3,0.051549
4,4,3,0.051129
4,4,1,0.049071
4,4,1,0.052874
4,4,1,0.051835
4,4,1,0.051523
4,4,1,0.064841
4,4,1,0.06381
4,4,1,0.054028
4,4,1,0.053063
4,4,1,0.060402
4,4,1,0.052727
4,4,2,0.051577
4,4,2,0.052998
4,4,2,0.054349
4,4,2,0.054395
4,4,2,0.051564
4,4,2,0.051232
4,4,2,0.051097
4,4,2,0.052502
4,4,2,0.051236
4,4,2,0.051625
4,4,3,0.050631
4,4,3,0.05321
4,4,3,0.054619
4,4,3,0.061564
4,4,3,0.053252
4,4,3,0.05261
4,4,3,0.062594
4,4,3,0.052521
4,4,3,0.052213
4,4,3,0.051352
4,4,1,0.050425
4,4,1,0.053205
4,4,1,0.053604
4,4,1,0.065797
4,4,1,0.051971
4,4,1,0.052515
4,4,1,0.053305
4,4,1,0.066824
4,4,1,0.055148
4,4,1,0.053797
4,4,2,0.050355
4,4,2,0.052422
4,4,2,0.0655
4,4,2,0.051548
4,4,2,0.052093
4,4,2,0.050129
4,4,2,0.051208
4,4,2,0.065027
4,4,2,0.06775
4,4,2,0.05493
4,4,3,0.064688
4,4,3,0.05293
4,4,3,0.053549
4,4,3,0.053746
4,4,3,0.064918
4,4,3,0.053164
4,4,3,0.053925
4,4,3,0.052403
4,4,3,0.053265
4,4,3,0.066519
4,4,1,0.045103
4,4,1,0.048909
4,4,1,0.048303
4,4,1,0.049329
4,4,1,0.049873
4,4,1,0.050666
4,4,1,0.051231
4,4,1,0.048743
4,4,1,0.051111
4,4,1,0.048417
4,4,2,0.04968
4,4,2,0.048806
4,4,2,0.051702
4,4,2,0.050056
4,4,2,0.049531
4,4,2,0.049
4,4,2,0.050755
4,4,2,0.050875
4,4,2,0.049716
4,4,2,0.051737
4,4,3,0.050946
4,4,3,0.059154
4,4,3,0.048403
4,4,3,0.05635
4,4,3,0.048346
4,4,3,0.056601
4,4,3,0.055197
4,4,3,0.047432
4,4,3,0.048979
4,4,3,0.046274
4,4,1,0.046239
4,4,1,0.051193
4,4,1,0.047683
4,4,1,0.050591
4,4,1,0.050474
4,4,1,0.052179
4,4,1,0.04847
4,4,1,0.048088
4,4,1,0.051978
4,4,1,0.051491
4,4,2,0.052022
4,4,2,0.053342
4,4,2,0.048914
4,4,2,0.050136
4,4,2,0.049661
4,4,2,0.04987
4,4,2,0.050067
4,4,2,0.050114
4,4,2,0.050445
4,4,2,0.04963
4,4,3,0.048812
4,4,3,0.048543
4,4,3,0.046968
4,4,3,0.04964
4,4,3,0.048075
4,4,3,0.04894
4,4,3,0.050483
4,4,3,0.050586
4,4,3,0.048575
4,4,3,0.049612
4,4,1,0.048044
4,4,1,0.050001
4,4,1,0.04758
4,4,1,0.049413
4,4,1,0.050446
4,4,1,0.051961
4,4,1,0.051893
4,4,1,0.051451
4,4,1,0.054842
4,4,1,0.050797
4,4,2,0.047182
4,4,2,0.052157
4,4,2,0.051917
4,4,2,0.050823
4,4,2,0.049648
4,4,2,0.049112
4,4,2,0.062032
4,4,2,0.051364
4,4,2,0.05103
4,4,2,0.049553
4,4,3,0.050086
4,4,3,0.0483
4,4,3,0.052269
4,4,3,0.048588
4,4,3,0.049881
4,4,3,0.050582
4,4,3,0.050982
4,4,3,0.05074
4,4,3,0.049409
4,4,3,0.049842
4,4,1,0.048713
4,4,1,0.053513
4,4,1,0.049617
4,4,1,0.050003
4,4,1,0.048261
4,4,1,0.052455
4,4,1,0.053011
4,4,1,0.051895
4,4,1,0.051378
4,4,1,0.047819
4,4,2,0.050604
4,4,2,0.049904
4,4,2,0.047728
4,4,2,0.048735
4,4,2,0.048039
4,4,2,0.049618
4,4,2,0.049993
4,4,2,0.050038
4,4,2,0.049251
4,4,2,0.049575
4,4,3,0.051188
4,4,3,0.049144
4,4,3,0.049335
4,4,3,0.049916
4,4,3,0.050249
4,4,3,0.050699
4,4,3,0.049225
4,4,3,0.048874
4,4,3,0.048939
4,4,3,0.047973
4,4,1,0.04687
4,4,1,0.048738
4,4,1,0.049829
4,4,1,0.049935
4,4,1,0.050662
4,4,1,0.048588
4,4,1,0.053333
4,4,1,0.051981
4,4,1,0.049844
4,4,1,0.049494
4,4,2,0.04902
4,4,2,0.049018
4,4,2,0.04982
4,4,2,0.049238
4,4,2,0.048427
4,4,2,0.049243
4,4,2,0.050297
4,4,2,0.05108
4,4,2,0.05128
4,4,2,0.051109
4,4,3,0.051237
4,4,3,0.050538
4,4,3,0.050432
4,4,3,0.047035
4,4,3,0.048329
4,4,3,0.04996
4,4,3,0.051102
4,4,3,0.050475
4,4,3,0.048926
4,4,3,0.047639
4,4,1,0.045417
4,4,1,0.048081
4,4,1,0.049791
4,4,1,0.047332
4,4,1,0.050247
4,4,1,0.052389
4,4,1,0.051142
4,4,1,0.047841
4,4,1,0.051941
4,4,1,0.048882
4,4,2,0.048783
4,4,2,0.050091
4,4,2,0.051286
4,4,2,0.051672
4,4,2,0.049155
4,4,2,0.049011
4,4,2,0.048944
4,4,2,0.049243
4,4,2,0.050094
4,4,2,0.051641
4,4,3,0.049567
4,4,3,0.04819
4,4,3,0.049432
4,4,3,0.05083
4,4,3,0.049307
4,4,3,0.050265
4,4,3,0.049439
4,4,3,0.050718
4,4,3,0.050747
4,4,3,0.050515
4,4,1,0.060653
4,4,1,0.068483
4,4,1,0.052403
4,4,1,0.051011
4,4,1,0.049509
4,4,1,0.052266
4,4,1,0.051958
4,4,1,0.053801
4,4,1,0.052909
4,4,1,0.051985
4,4,2,0.050734
4,4,2,0.0509
4,4,2,0.050498
4,4,2,0.050003
4,4,2,0.050593
4,4,2,0.048966
4,4,2,0.050951
4,4,2,0.050127
4,4,2,0.0492
4,4,2,0.051419
4,4,3,0.050535
4,4,3,0.048081
4,4,3,0.050507
4,4,3,0.050811
4,4,3,0.048897
4,4,3,0.050779
4,4,3,0.053384
4,4,3,0.052403
4,4,3,0.050796
4,4,3,0.050216
4,4,1,0.045939
4,4,1,0.048525
4,4,1,0.047109
4,4,1,0.048475
4,4,1,0.049634
4,4,1,0.050726
4,4,1,0.053588
4,4,1,0.050509
4,4,1,0.04957
4,4,1,0.050368
4,4,2,0.048775
4,4,2,0.050431
4,4,2,0.050009
4,4,2,0.050789
4,4,2,0.050055
4,4,2,0.049106
4,4,2,0.051602
4,4,2,0.050473
4,4,2,0.047584
4,4,2,0.050367
4,4,3,0.050133
4,4,3,0.048732
4,4,3,0.051999
4,4,3,0.054227
4,4,3,0.05701
4,4,3,0.057743
4,4,3,0.05439
4,4,3,0.054702
4,4,3,0.054421
4,4,3,0.054475
4,4,1,0.045405
4,4,1,0.049092
4,4,1,0.04946
4,4,1,0.049469
4,4,1,0.050282
4,4,1,0.051359
4,4,1,0.05053
4,4,1,0.048453
4,4,1,0.05216
4,4,1,0.048973
4,4,2,0.050821
4,4,2,0.052116
4,4,2,0.049849
4,4,2,0.050077
4,4,2,0.051067
4,4,2,0.049822
4,4,2,0.051211
4,4,2,0.05144
4,4,2,0.051006
4,4,2,0.051034
4,4,3,0.050054
4,4,3,0.05027
4,4,3,0.050172
4,4,3,0.049338
4,4,3,0.050295
4,4,3,0.050156
4,4,3,0.04916
4,4,3,0.047856
4,4,3,0.050472
4,4,3,0.050326
4,4,1,0.045303
4,4,1,0.048028
4,4,1,0.050612
4,4,1,0.047372
4,4,1,0.05073
4,4,1,0.051222
4,4,1,0.050416
4,4,1,0.04862
4,4,1,0.051337
4,4,1,0.048226
4,4,2,0.050165
4,4,2,0.050851
4,4,2,0.049501
4,4,2,0.04939
4,4,2,0.049706
4,4,2,0.049952
4,4,2,0.049952
4,4,2,0.051404
4,4,2,0.050154
4,4,2,0.051847
4,4,3,0.050743
4,4,3,0.049525
4,4,3,0.048733
4,4,3,0.050442
4,4,3,0.048012
4,4,3,0.050547
4,4,3,0.049733
4,4,3,0.049643
4,4,3,0.049433
4,4,3,0.049488
4,4,1,0.050856
4,4,1,0.047522
4,4,1,0.050119
4,4,1,0.048101
4,4,1,0.050863
4,4,1,0.051334
4,4,1,0.051913
4,4,1,0.050034
4,4,1,0.054221
4,4,1,0.051467
4,4,1,0.04533
4,4,1,0.048883
4,4,1,0.051846
4,4,1,0.050099
4,4,1,0.049538
4,4,1,0.05183
4,4,1,0.051119
4,4,1,0.050481
4,4,1,0.051799
4,4,1,0.04962
4,4,2,0.050683
4,4,2,0.050946
4,4,2,0.052411
4,4,2,0.054224
4,4,2,0.051766
4,4,2,0.04986
4,4,2,0.05051
4,4,2,0.052219
4,4,2,0.050555
4,4,2,0.052708
4,4,1,0.05292
4,4,1,0.048167
4,4,1,0.049546
4,4,1,0.049753
4,4,1,0.051005
4,4,1,0.052186
4,4,1,0.053427
4,4,1,0.05213
4,4,1,0.053224
4,4,1,0.050854
4,4,2,0.050645
4,4,2,0.052061
4,4,2,0.050975
4,4,2,0.051184
4,4,2,0.052921
4,4,2,0.051473
4,4,2,0.051526
4,4,2,0.049886
4,4,2,0.05002
4,4,2,0.050625
4,4,3,0.051051
4,4,3,0.050049
4,4,3,0.050673
4,4,3,0.049677
4,4,3,0.049301
4,4,3,0.050332
4,4,3,0.050289
4,4,3,0.049748
4,4,3,0.050075
4,4,3,0.049327
4,4,1,0.046113
4,4,1,0.049383
4,4,1,0.051292
4,4,1,0.04942
4,4,1,0.051198
4,4,1,0.050096
4,4,1,0.0519
4,4,1,0.051469
4,4,1,0.051368
4,4,1,0.04945
4,4,2,0.049111
4,4,2,0.05067
4,4,2,0.051057
4,4,2,0.050878
4,4,2,0.051347
4,4,2,0.050936
4,4,2,0.052539
4,4,2,0.052403
4,4,2,0.06522
4,4,2,0.064759
4,4,3,0.052528
4,4,3,0.051557
4,4,3,0.050038
4,4,3,0.049397
4,4,3,0.050632
4,4,3,0.050599
4,4,3,0.052756
4,4,3,0.050355
4,4,3,0.051254
4,4,3,0.050594
6,6,1,0.419197
6,6,1,0.22799
6,6,1,0.053456
6,6,1,0.055476
6,6,1,0.062649
6,6,1,0.278895
6,6,1,0.053154
6,6,1,0.057592
6,6,1,0.272215
6,6,1,0.064265
6,6,2,0.054386
6,6,2,0.096521
6,6,2,0.087194
6,6,2,0.069404
6,6,2,0.099085
6,6,2,0.053744
6,6,2,0.14146
6,6,2,0.810689
6,6,2,0.056453
6,6,2,0.155554
6,6,3,0.05301
6,6,3,0.417972
6,6,3,0.055972
6,6,3,0.075855
6,6,3,0.144893
6,6,3,0.068892
6,6,3,0.230863
6,6,3,0.11985
6,6,3,0.09812
6,6,3,0.109711
8,6,1,5.000544
8,6,1,0.14057
8,6,1,0.703651
8,6,1,5.000461
8,6,1,0.215577
8,6,1,5.001564
8,6,1,0.60456
8,6,1,0.169826
8,6,1,5.001997
8,6,1,1.559172
8,6,2,0.290036
8,6,2,5.002209
8,6,2,0.162337
8,6,2,3.684072
8,6,2,0.161568
8,6,2,0.151095
8,6,2,3.063369
8,6,2,5.002027
8,6,2,0.296794
8,6,2,0.348998
8,6,3,2.081359
8,6,3,0.14853
8,6,3,1.334996
8,6,3,4.09788
8,6,3,0.266857
8,6,3,5.001899
8,6,3,4.01159
8,6,3,0.235009
8,6,3,0.334862
8,6,3,0.565586
12,6,1,0.088019
12,6,1,0.088472
12,6,1,5.000946
12,6,1,0.113934
12,6,1,5.000495
12,6,1,5.000613
12,6,1,2.799209
12,6,1,5.000676
12,6,1,0.270332
12,6,1,1.219595
12,6,2,5.000936
12,6,2,0.114661
12,6,2,5.000614
12,6,2,0.118744
12,6,2,0.204861
12,6,2,2.107995
12,6,2,5.00057
12,6,2,0.115949
12,6,2,4.508353
12,6,2,5.000632
12,6,3,5.000952
12,6,3,0.367622
12,6,3,5.000974
12,6,3,5.001046
12,6,3,5.00059
12,6,3,0.305674
12,6,3,0.114914
12,6,3,2.328676
12,6,3,5.000986
12,6,3,1.420216
12,6,1,0.0887
12,6,1,0.089232
12,6,1,5.000905
12,6,1,0.089835
12,6,1,5.001057
12,6,1,5.000561
12,6,1,1.88919
12,6,1,5.000624
12,6,1,0.29675
12,6,1,1.301938
12,6,2,5.000508
12,6,2,0.123538
12,6,2,5.001054
12,6,2,0.119699
12,6,2,0.204
12,6,2,2.237323
12,6,2,5.001028
12,6,2,0.118554
12,6,2,4.399981
12,6,2,5.000771
12,6,3,5.001018
12,6,3,0.476669
12,6,3,5.001076
12,6,3,5.000599
12,6,3,5.000609
12,6,3,0.326997
12,6,3,0.129475
12,6,3,2.362881
12,6,3,5.000582
12,6,3,1.532409
12,6,1,0.00234
12,6,1,0.001325
12,6,1,0.001539
12,6,1,0.00126
12,6,1,0.001639
12,6,1,0.003175
12,6,1,0.002156
12,6,1,0.007142
12,6,1,0.003092
12,6,1,0.002156
12,6,2,0.004824
12,6,2,0.003266
12,6,2,0.004123
12,6,2,0.003184
12,6,2,0.00654
12,6,2,0.003937
12,6,2,0.004684
12,6,2,0.008941
12,6,2,0.003706
12,6,2,0.010543
12,6,3,0.00654
12,6,3,0.00495
12,6,3,0.010515
12,6,3,0.010032
12,6,3,0.002809
12,6,3,0.003505
12,6,3,0.008142
12,6,3,0.005274
12,6,3,0.008725
12,6,3,0.00386
12,6,1,0.022398
12,6,1,0.02363
12,6,1,0.015641
12,6,1,0.005708
12,6,1,0.016547
12,6,1,0.016125
12,6,1,0.004323
12,6,1,0.039108
12,6,1,0.033544
12,6,1,0.059994
12,6,2,0.00231
12,6,2,0.022059
12,6,2,0.004815
12,6,2,0.005108
12,6,2,0.010796
12,6,2,0.012085
12,6,2,0.014213
12,6,2,0.003465
12,6,2,0.0239
12,6,2,0.194803
12,6,3,0.252818
12,6,3,0.110741
12,6,3,0.019574
12,6,3,0.081075
12,6,3,0.009283
12,6,3,0.003697
12,6,3,0.009072
12,6,3,0.031877
12,6,3,0.028785
12,6,3,0.007517
12,6,1,0.032284
12,6,1,0.003161
12,6,1,0.003932
12,6,1,0.004387
12,6,1,0.004559
12,6,1,0.013942
12,6,1,0.005707
12,6,1,0.016507
12,6,1,0.006779
12,6,1,0.059659
12,6,2,0.007053
12,6,2,0.004086
12,6,2,0.028669
12,6,2,0.062352
12,6,2,0.006467
12,6,2,0.054361
12,6,2,0.032649
12,6,2,0.003451
12,6,2,0.007539
12,6,2,0.03343
12,6,3,0.014414
12,6,3,0.068483
12,6,3,0.004502
12,6,3,0.014612
12,6,3,0.019984
12,6,3,0.058619
12,6,3,0.008788
12,6,3,0.005379
12,6,3,0.025166
12,6,3,0.004629
12,6,1,0.002121
12,6,1,0.001333
12,6,1,0.001434
12,6,1,0.001389
12,6,1,0.001503
12,6,1,0.002319
12,6,1,0.004225
12,6,1,0.002692
12,6,1,0.003228
12,6,1,0.002832
12,6,2,0.003197
12,6,2,0.013998
12,6,2,0.004787
12,6,2,0.003188
12,6,2,0.006166
12,6,2,0.006533
12,6,2,0.002073
12,6,2,0.002849
12,6,2,0.006095
12,6,2,0.007874
12,6,3,0.003958
12,6,3,0.006608
12,6,3,0.004559
12,6,3,0.003951
12,6,3,0.009962
12,6,3,0.00305
12,6,3,0.01387
12,6,3,0.002795
12,6,3,0.004025
12,6,3,0.004961
4,4,1,0.047815
4,4,1,0.050474
4,4,1,0.050375
4,4,1,0.050321
4,4,1,0.049494
4,4,1,0.052195
4,4,1,0.053836
4,4,1,0.052435
4,4,1,0.052576
4,4,1,0.051053
4,4,2,0.049541
4,4,2,0.051815
4,4,2,0.050309
4,4,2,0.051695
4,4,2,0.050935
4,4,2,0.048964
4,4,2,0.051142
4,4,2,0.0511
4,4,2,0.050664
4,4,2,0.055046
4,4,3,0.053208
4,4,3,0.051481
4,4,3,0.050686
4,4,3,0.050349
4,4,3,0.048729
4,4,3,0.051508
4,4,3,0.050375
4,4,3,0.056138
4,4,3,0.052297
4,4,3,0.052272
4,4,1,0.046993
4,4,1,0.051543
4,4,1,0.051325
4,4,1,0.052167
4,4,1,0.050735
4,4,1,0.051635
4,4,1,0.052318
4,4,1,0.051064
4,4,1,0.05169
4,4,1,0.050489
4,4,2,0.050524
4,4,2,0.051598
4,4,2,0.052402
4,4,2,0.05499
4,4,2,0.06407
4,4,2,0.054639
4,4,2,0.05232
4,4,2,0.051172
4,4,2,0.050908
4,4,2,0.049809
4,4,3,0.050185
4,4,3,0.050613
4,4,3,0.050647
4,4,3,0.052598
4,4,3,0.050687
4,4,3,0.053579
4,4,3,0.050583
4,4,3,0.051471
4,4,3,0.05026
4,4,3,0.050879
4,4,1,0.002242
4,4,1,0.001364
4,4,1,0.001359
4,4,1,0.004712
4,4,1,0.002205
4,4,1,0.008384
4,4,1,0.002292
4,4,1,0.002089
4,4,1,0.003259
4,4,1,0.003742
4,4,2,0.010538
4,4,2,0.00619
4,4,2,0.002653
4,4,2,0.011191
4,4,2,0.002863
4,4,2,0.009567
4,4,2,0.00446
4,4,2,0.002692
4,4,2,0.005553
4,4,2,0.003243
4,4,3,0.003226
4,4,3,0.008372
4,4,3,0.004397
4,4,3,0.003764
4,4,3,0.003931
4,4,3,0.010277
4,4,3,0.004217
4,4,3,0.003688
4,4,3,0.00561
4,4,3,0.005209
4,4,1,0.047412
4,4,1,0.050959
4,4,1,0.050025
4,4,1,0.051322
4,4,1,0.051799
4,4,1,0.052287
4,4,1,0.051271
4,4,1,0.051979
4,4,1,0.052883
4,4,1,0.050989
4,4,2,0.050576
4,4,2,0.053053
4,4,2,0.05316
4,4,2,0.051556
4,4,2,0.050312
4,4,2,0.051325
4,4,2,0.050596
4,4,2,0.051031
4,4,2,0.050717
4,4,2,0.050922
4,4,3,0.050989
4,4,3,0.052141
4,4,3,0.051571
4,4,3,0.05162
4,4,3,0.049806
4,4,3,0.05187
4,4,3,0.05223
4,4,3,0.051532
4,4,3,0.051447
4,4,3,0.052259
12,4,1,0.06
12,4,1,0.16
12,4,1,0.06
12,4,1,0.17
12,4,1,0.06
12,4,1,0.06
12,4,1,0.06
12,4,1,0.06
12,4,1,0.06
12,4,1,0.06
12,4,2,0.08
12,4,2,5.01
12,4,2,0.06
12,4,2,0.80
12,4,2,0.06
12,4,2,0.06
12,4,2,0.07
12,4,2,0.06
12,4,2,0.08
12,4,2,0.06
12,4,3,3.56
12,4,3,0.50
12,4,3,0.08
12,4,3,1.52
12,4,3,5.01
12,4,3,0.08
12,4,3,5.01
12,4,3,0.08
12,4,3,0.26
12,4,3,2.29
12,4,1,0.06
12,4,1,0.16
12,4,1,0.06
12,4,1,0.17
12,4,1,0.07
12,4,1,0.06
12,4,1,0.06
12,4,1,0.06
12,4,1,0.06
12,4,1,0.06
12,4,2,0.08
12,4,2,5.01
12,4,2,0.07
12,4,2,0.82
12,4,2,0.06
12,4,2,0.07
12,4,2,0.08
12,4,2,0.06
12,4,2,0.08
12,4,2,0.06
12,4,3,3.62
12,4,3,0.55
12,4,3,0.09
12,4,3,1.70
12,4,3,5.01
12,4,3,0.09
12,4,3,5.01
12,4,3,0.13
12,4,3,0.34
12,4,3,2.33
